experiment,dice_mean,dice_std,precision_mean,precision_std,recall_mean,recall_std
vit_50_real_0_synth_100,0.0725903545680855,0.1913535491030004,0.13698617269984897,0.32122321025906836,0.05954523428357139,0.1691153823581925
vit_50_real_100_synth_0,0.18437258609640475,0.30917567468044316,0.24676000425436348,0.3908330149310643,0.1706040030049721,0.29714717107090155
vit_50_real_25_synth_75,0.1672328106621238,0.2995525802806352,0.22121276809797646,0.3768855050960865,0.15126447383827407,0.2800200888920023
vit_50_real_50_synth_50,0.14042461160624692,0.2733741725284535,0.19500895788906172,0.3605911099263159,0.12794432745703355,0.2615427349687653
vit_50_real_75_synth_25,0.14822078723755083,0.27572882382850983,0.20335817219102478,0.3590180061831041,0.13737514587081456,0.26612062777912643
